{
	"id": "Slugcat_Signal",
	"scene_folder": "scenes/slugcat - signal",
	"images": [
		{ "name": "backdrop", "pos": [0, -928], "depth": 5.0, "shader": "Basic" },
		{ "name": "background", "pos": [200, -928], "depth": 4.2, "shader": "Basic" },
		{ "name": "clouds", "pos": [300, -928], "depth": 3.0, "shader": "Basic" },
		{ "name": "midground", "pos": [-25, -928], "depth": 2.0, "shader": "Basic" },
		{ "name": "flies", "pos": [500, -828], "depth": 1.7, "shader": "Basic" },
		{ "name": "foreground", "pos": [-50, -928], "depth": 1.3, "shader": "Basic" },
		{ "name": "cloudsFG", "pos": [-50, -928], "depth": 1.0, "shader": "Basic" },
	],
	"idle_depths": [ 2.8 ],
	"glow_pos": [688, 484],
	"mark_pos": [689, 583],
	"select_menu_pos": [0, 0],
	"slugcat_depth": 2.8
}